Date,VALE3.SA,KEPL3.SA,VULC3.SA,LEVE3.SA,GGBR4.SA,LREN3.SA,ALSO3.SA,DIRR3.SA,MILS3.SA,RANI3.SA,CAMB3.SA,CSUD3.SA,CLSC4.SA,CMIG4.SA,ITSA4.SA,BBAS3.SA,TASA4.SA,SLCE3.SA,B3SA3.SA,PETR4.SA,SUZB3.SA,KLBN4.SA,BOVA11.SA
2023-03-01,84.72706604003906,9.253361701965332,10.78357219696045,30.79206657409668,26.862852096557617,17.32341194152832,15.894749641418457,14.850000381469727,10.293839454650879,7.713975429534912,6.07495641708374,9.666350364685059,45.49580001831055,9.862918853759766,7.746500015258789,37.020172119140625,13.199746131896973,41.84340286254883,10.179685592651367,20.357566833496094,46.77000045776367,3.820549488067627,101.19999694824219
2023-03-02,84.53709411621094,9.88227653503418,10.429856300354004,30.283727645874023,26.908349990844727,17.516971588134766,15.953078269958496,14.970000267028809,10.333017349243164,7.9065961837768555,5.831958293914795,9.289260864257812,46.21677780151367,9.7778959274292,7.575411796569824,35.529869079589844,12.82339859008789,41.86049270629883,10.266939163208008,19.826499938964844,46.70000076293945,3.8108279705047607,99.94000244140625
2023-03-03,84.82205963134766,9.868403434753418,10.401176452636719,30.735586166381836,26.771854400634766,17.17824363708496,16.040573120117188,14.8100004196167,10.42116641998291,8.1450777053833,5.744478702545166,9.316853523254395,45.82855987548828,9.711763381958008,7.594422340393066,35.92854690551758,13.153850555419922,41.86903762817383,10.199075698852539,20.679428100585938,48.20000076293945,3.8497138023376465,100.41999816894531
2023-03-06,81.83001708984375,9.822158813476562,10.458535194396973,30.660274505615234,25.916465759277344,17.555681228637695,16.409990310668945,15.079999923706055,10.391782760620117,7.879079341888428,5.618120193481445,9.464009284973145,46.20753860473633,9.862918853759766,7.756005764007568,36.7448844909668,13.291539192199707,42.1339225769043,10.625652313232422,20.888635635375977,47.779998779296875,3.8108279705047607,101.47000122070312
2023-03-07,81.05113220214844,9.341225624084473,10.429856300354004,29.916597366333008,25.56157112121582,17.6524600982666,16.409990310668945,15.260000228881836,10.793350219726562,7.879079341888428,5.588959693908691,9.372036933898926,45.4495735168457,9.947944641113281,7.72749137878418,37.5897102355957,13.429227828979492,41.740867614746094,10.712906837463379,20.196638107299805,47.75,3.771941900253296,100.9000015258789
2023-03-08,81.7920150756836,9.39209270477295,10.802692413330078,30.0201473236084,26.043861389160156,18.968652725219727,17.051616668701172,15.529999732971191,11.253684043884277,7.876498699188232,5.5014801025390625,9.197288513183594,45.4126091003418,10.146336555480957,7.889073848724365,37.96940231323242,13.585274696350098,40.85221862792969,11.294602394104004,20.454126358032227,47.439998626708984,3.830270767211914,103.22000122070312
2023-03-09,80.71868133544922,9.410590171813965,11.079930305480957,30.942684173583984,24.91547966003418,18.70734977722168,17.051616668701172,15.600000381469727,11.3516263961792,7.876498699188232,5.491760730743408,9.270867347717285,45.30168151855469,9.891263008117676,7.803530216217041,37.14356994628906,13.612812995910645,40.160099029541016,11.226739883422852,20.36561393737793,46.470001220703125,3.781663417816162,101.55999755859375
2023-03-10,80.45272064208984,9.234864234924316,11.060809135437012,30.500244140625,24.560583114624023,18.320236206054688,16.866905212402344,15.819999694824219,10.901087760925293,7.663370132446289,5.336241722106934,8.737424850463867,45.292442321777344,9.929051399230957,7.670461654663086,36.44113540649414,13.74132251739502,39.92084884643555,10.916500091552734,20.100082397460938,45.06999969482422,3.7427773475646973,100.20999908447266
2023-03-13,80.78517150878906,9.04988956451416,11.194648742675781,30.264904022216797,24.296688079833984,18.600894927978516,16.866905212402344,16.139999389648438,10.783555030822754,7.718968391418457,5.19044303894043,8.663846015930176,45.33865737915039,9.976286888122559,7.556402206420898,36.213321685791016,13.649529457092285,39.98920440673828,11.003755569458008,19.46441078186035,44.58000183105469,3.6455624103546143,99.77999877929688
2023-03-14,81.5206298828125,8.897285461425781,11.175527572631836,27.770282745361328,24.615182876586914,17.875051498413086,16.925233840942383,15.75,10.685612678527832,7.737502098083496,5.171003341674805,8.452308654785156,45.42184829711914,10.155784606933594,7.556402206420898,35.93742370605469,13.50266170501709,40.07465362548828,11.091009140014648,19.1184139251709,44.970001220703125,3.587233543395996,99.58000183105469
2023-03-15,79.0647201538086,8.80017375946045,11.194648742675781,27.638492584228516,23.46922492980957,17.942798614501953,17.20716094970703,16.559999465942383,10.7247896194458,7.524372577667236,5.209883213043213,8.32354736328125,45.542015075683594,10.316387176513672,7.584917068481445,35.97574996948242,13.429227828979492,39.73286437988281,11.187958717346191,18.78046226501465,44.220001220703125,3.5191826820373535,99.38999938964844
2023-03-16,79.3559341430664,8.596701622009277,11.338046073913574,27.911487579345703,23.716751098632812,18.097644805908203,17.119667053222656,16.700000762939453,10.812938690185547,7.542906284332275,5.343143463134766,8.369532585144043,45.042869567871094,10.24081039428711,7.641946792602539,36.35898208618164,13.392510414123535,39.126190185546875,11.498196601867676,18.716087341308594,43.9900016784668,3.5094614028930664,100.0
2023-03-17,80.30723571777344,8.531960487365723,11.863842010498047,26.593576431274414,23.377548217773438,17.48793601989746,17.119667053222656,16.15999984741211,10.127335548400879,7.802367687225342,5.008582592010498,8.691436767578125,44.98741149902344,9.938498497009277,7.470859050750732,35.736228942871094,13.034520149230957,38.792945861816406,10.955280303955078,18.91724967956543,43.59000015258789,3.538625955581665,98.8499984741211
2023-03-20,80.96732330322266,8.462594985961914,11.643964767456055,26.697126388549805,23.240032196044922,16.897584915161133,16.52665138244629,15.489999771118164,9.333993911743164,7.691169261932373,4.9200215339660645,8.765015602111816,45.625205993652344,9.900708198547363,7.518382549285889,35.5350341796875,13.126313209533691,38.94675064086914,10.83894157409668,18.4505558013916,43.22999954223633,3.5094614028930664,97.69999694824219
2023-03-21,80.2878189086914,8.148138046264648,11.567484855651855,26.781850814819336,23.487558364868164,17.033077239990234,16.46832275390625,15.6899995803833,9.098930358886719,7.672636032104492,4.969222545623779,8.746622085571289,45.597476959228516,9.834577560424805,7.603926658630371,35.95658493041992,13.23646354675293,38.775856018066406,10.829246520996094,18.828739166259766,42.95000076293945,3.528904438018799,97.93000030517578
2023-03-22,79.2879867553711,8.323123931884766,11.701323509216309,26.988950729370117,23.583820343017578,16.88866424560547,16.409990310668945,15.949999809265137,9.147902488708496,7.802367687225342,4.772420883178711,9.142105102539062,45.07059860229492,9.862918853759766,7.508877754211426,36.042816162109375,13.46594524383545,39.20309066772461,10.703211784362793,18.77241325378418,42.880001068115234,3.5191826820373535,97.02999877929688
2023-03-23,77.2494888305664,7.8658623695373535,11.252009391784668,26.894813537597656,23.391298294067383,16.44860076904297,15.457279205322266,15.350000381469727,8.834485054016113,7.793100357055664,4.703541278839111,8.839232444763184,44.368106842041016,9.938498497009277,7.394819259643555,35.650001525878906,12.777501106262207,38.45115661621094,10.10212516784668,18.345951080322266,42.2400016784668,3.5191826820373535,94.58000183105469
2023-03-24,76.36613464355469,8.668501853942871,11.35716724395752,27.271358489990234,23.670454025268555,16.61484718322754,16.653030395507812,15.90999984741211,9.647414207458496,8.06182861328125,4.939702033996582,8.768625259399414,45.23698425292969,10.042418479919434,7.536231994628906,36.01407241821289,13.49348258972168,38.818580627441406,10.237854957580566,18.33790397644043,42.630001068115234,3.5677905082702637,95.86000061035156
2023-03-27,76.23994445800781,8.979827880859375,11.28068733215332,27.252532958984375,23.757089614868164,16.89844512939453,16.9932861328125,16.1200008392334,9.490704536437988,7.811633586883545,5.205382823944092,9.24260425567627,45.209259033203125,10.288046836853027,7.622633934020996,36.03323745727539,13.649529457092285,38.758766174316406,10.266939163208008,18.651716232299805,41.9900016784668,3.4705753326416016,96.54000091552734
2023-03-28,77.04563903808594,9.05279541015625,11.395406723022461,27.95855712890625,23.84372329711914,17.47541618347168,17.080780029296875,16.15999984741211,9.55926513671875,7.876498699188232,5.392343997955322,9.24260425567627,46.494075775146484,10.521543502807617,7.5938334465026855,36.28233337402344,14.181924819946289,39.476524353027344,10.354194641113281,18.98162269592285,42.279998779296875,3.4802966117858887,98.02999877929688
2023-03-29,78.15225219726562,8.663637161254883,11.271126747131348,27.723215103149414,23.776342391967773,16.62462615966797,17.119667053222656,15.75,9.314406394958496,7.978428840637207,5.451384544372559,9.02457332611084,45.46806716918945,10.713892936706543,7.67063570022583,36.70389175415039,14.227821350097656,39.33980941772461,10.266668319702148,19.231061935424805,43.06999969482422,3.528904438018799,98.55000305175781
2023-03-30,79.42388153076172,8.809572219848633,11.73956298828125,28.45747947692871,24.546424865722656,17.2504940032959,17.547412872314453,16.010000228881836,9.794328689575195,7.996962547302246,5.5497846603393555,9.07197093963623,46.30921173095703,10.915861129760742,7.8338398933410645,37.374542236328125,15.03559398651123,39.01511001586914,10.529916763305664,19.28738784790039,43.04999923706055,3.5677905082702637,100.47000122070312
2023-03-31,77.93869018554688,8.62472152709961,11.54836368560791,28.73047637939453,24.344280242919922,16.204120635986328,17.10994529724121,15.979999542236328,9.490704536437988,7.987696647644043,5.904026031494141,9.176246643066406,46.494075775146484,11.002418518066406,7.891443252563477,37.47034454345703,14.852009773254395,38.95529556274414,10.091170310974121,18.868972778320312,41.599998474121094,3.528904438018799,98.48999786376953
2023-04-03,77.9581069946289,8.410684585571289,11.299806594848633,28.749303817749023,24.450164794921875,15.069733619689941,16.750246047973633,15.789999961853027,8.964227676391602,8.117427825927734,5.579305171966553,9.432195663452148,46.716285705566406,11.137063026428223,7.76663875579834,37.029632568359375,15.04477310180664,38.72459030151367,10.315418243408203,19.7058048248291,42.7400016784668,3.5580687522888184,98.30000305175781
2023-04-04,75.75458526611328,8.542024612426758,11.515965461730957,28.71164894104004,23.853351593017578,15.050176620483398,17.07105827331543,16.209999084472656,8.875374794006348,8.386154174804688,5.569464206695557,9.564909934997559,46.53624725341797,11.223621368408203,7.824240684509277,37.642799377441406,14.934623718261719,39.38253402709961,10.559165954589844,19.528779983520508,42.349998474121094,3.5677905082702637,98.51000213623047
2023-04-05,74.63825988769531,8.366904258728027,11.33302116394043,27.261945724487305,23.141023635864258,14.639450073242188,17.26548957824707,16.450000762939453,8.687798500061035,7.94136381149292,5.530104160308838,9.441675186157227,46.716285705566406,11.2428560256958,7.80504035949707,37.508670806884766,14.778575897216797,37.895751953125,10.520166397094727,19.59315299987793,40.97999954223633,3.4802966117858887,97.62999725341797
2023-04-06,74.50236511230469,8.376632690429688,11.178959846496582,27.4313907623291,23.044761657714844,15.363110542297363,17.34326171875,16.6299991607666,8.371878623962402,8.006230354309082,5.480904579162598,9.432195663452148,46.50782012939453,11.2428560256958,7.79543924331665,37.38412094116211,14.393048286437988,38.16063690185547,10.432416915893555,19.311527252197266,40.36000061035156,3.490018129348755,97.58999633789062
2023-04-10,75.93902587890625,8.551753997802734,11.1404447555542,27.807939529418945,23.689708709716797,15.118629455566406,17.34326171875,16.610000610351562,8.401495933532715,7.9506306648254395,5.530104160308838,9.470113754272461,47.37960433959961,11.415969848632812,7.824240684509277,37.403282165527344,14.907085418701172,38.66477584838867,10.637165069580078,19.721899032592773,41.13999938964844,3.528904438018799,98.66000366210938
2023-04-11,79.94807434082031,8.824164390563965,11.641139030456543,29.47415542602539,24.950719833374023,16.526832580566406,17.780733108520508,17.0,9.161677360534668,8.210091590881348,5.746585369110107,9.602828025817871,47.33222198486328,11.617938041687012,8.083449363708496,38.26555252075195,15.145745277404785,39.54487991333008,11.339160919189453,20.647241592407227,42.54999923706055,3.635840654373169,102.91000366210938
2023-04-12,78.23960876464844,8.561483383178711,11.930001258850098,28.786958694458008,24.710067749023438,16.8104305267334,17.839061737060547,16.8700008392334,9.043208122253418,8.052560806274414,5.825305938720703,9.963052749633789,47.389076232910156,11.993021011352539,8.246652603149414,40.92900466918945,15.439480781555176,39.143280029296875,11.563408851623535,20.80012321472168,42.20000076293945,3.6650054454803467,103.3499984741211
2023-04-13,77.18153381347656,8.649044036865234,12.189977645874023,28.33510398864746,24.969970703125,16.477937698364258,18.111263275146484,16.920000076293945,8.964227676391602,7.9506306648254395,5.756425857543945,10.351716041564941,46.34672927856445,11.867993354797363,8.256255149841309,40.90983963012695,15.47619915008545,38.792945861816406,11.446409225463867,20.944961547851562,41.310001373291016,3.6455624103546143,102.93000030517578
2023-04-14,76.50202941894531,8.717146873474121,12.055174827575684,28.683406829833984,25.172117233276367,15.940080642700195,18.101543426513672,17.06999969482422,9.191295623779297,7.959897518157959,5.756425857543945,10.247440338134766,46.1003532409668,11.839140892028809,8.323455810546875,41.60923385620117,15.760754585266113,38.49388122558594,11.67065715789795,21.162216186523438,40.4900016784668,3.6066763401031494,103.04000091552734
2023-04-17,75.58956146240234,8.542024612426758,12.141833305358887,29.314123153686523,25.037353515625,16.3703670501709,17.96544075012207,16.860000610351562,9.35912799835205,7.978428840637207,5.7761054039001465,10.105246543884277,47.37012481689453,11.954551696777344,8.285055160522461,41.705047607421875,15.962697982788086,38.878395080566406,11.719407081604004,21.49211883544922,40.459999084472656,3.626119375228882,102.70999908447266
2023-04-18,76.23994445800781,8.386362075805664,11.814456939697266,28.570444107055664,25.075857162475586,15.695601463317871,17.8293399810791,16.31999969482422,9.339383125305176,7.959897518157959,5.736745357513428,10.219001770019531,46.95318603515625,11.993021011352539,8.285055160522461,41.78168869018555,15.47619915008545,38.758766174316406,11.592658996582031,22.039281845092773,41.16999816894531,3.6455624103546143,102.69999694824219
2023-04-19,74.01700592041016,7.909643173217773,11.68928337097168,28.015039443969727,24.613807678222656,14.835034370422363,17.596023559570312,15.729999542236328,8.618690490722656,7.885765075683594,5.667865753173828,10.313797950744629,46.90580368041992,11.896844863891602,8.198652267456055,41.293067932128906,14.943803787231445,37.724857330322266,11.30016040802002,21.331192016601562,41.189998626708984,3.6844482421875,100.4800033569336
2023-04-20,72.47357177734375,7.98747444152832,11.96851634979248,28.07151985168457,24.92184066772461,14.844813346862793,17.88766860961914,15.460000038146973,8.924737930297852,8.034028053283691,5.746585369110107,10.389634132385254,47.37960433959961,12.060342788696289,8.189051628112793,41.685882568359375,15.017236709594727,37.54541778564453,11.368410110473633,21.476028442382812,40.29999923706055,3.6163978576660156,101.0
2023-04-24,69.8526382446289,7.822082042694092,12.112947463989258,28.71164894104004,24.199886322021484,14.766579627990723,17.702959060668945,15.270000457763672,8.835885047912598,8.08962631225586,5.658024787902832,10.427553176879883,47.43645477294922,12.03149127960205,8.227453231811523,41.59965515136719,15.457839965820312,37.40016174316406,11.465909004211426,21.886398315429688,39.66999816894531,3.6163978576660156,100.62000274658203
2023-04-25,67.95003509521484,7.491297245025635,11.978144645690918,29.163503646850586,23.352794647216797,14.443866729736328,17.489084243774414,14.670000076293945,8.638435363769531,8.240762710571289,5.618664741516113,10.56026840209961,47.41750717163086,12.00263786315918,8.246652603149414,41.216426849365234,15.03559398651123,36.682403564453125,11.504908561706543,21.79788589477539,38.79999923706055,3.5677905082702637,99.91999816894531
2023-04-26,68.21212768554688,7.55940055847168,12.0166597366333,29.690670013427734,23.26616096496582,14.649229049682617,17.197439193725586,14.970000267028809,8.993844985961914,8.13411808013916,5.559624671936035,10.617144584655762,47.37960433959961,11.925698280334473,8.141050338745117,40.881099700927734,15.246718406677246,36.81057357788086,10.968663215637207,21.524307250976562,38.2599983215332,3.5580687522888184,99.01000213623047
2023-04-27,69.65849304199219,7.199429035186768,12.132204055786133,30.547311782836914,23.526063919067383,14.678566932678223,17.65435218811035,15.5,8.914865493774414,8.415273666381836,5.480904579162598,10.484431266784668,47.37960433959961,12.03149127960205,8.246652603149414,40.92900466918945,15.301793098449707,36.61404800415039,11.192910194396973,21.001285552978516,38.0,3.5677905082702637,99.52999877929688
2023-04-28,70.27975463867188,7.014578819274902,12.815845489501953,28.75,24.238391876220703,15.490240097045898,18.12098503112793,15.699999809265137,9.038342475891113,8.415273666381836,5.382503509521484,10.901533126831055,47.41750717163086,11.985944747924805,8.333056449890137,41.063133239746094,15.696499824523926,37.16945266723633,11.387910842895508,21.42664909362793,39.79999923706055,3.7038912773132324,100.9000015258789
2023-05-02,67.50350952148438,6.829728603363037,12.555869102478027,29.8700008392334,23.516437530517578,14.590554237365723,18.100000381469727,15.130000114440918,8.722248077392578,8.066252708435059,5.953226566314697,10.778050422668457,47.979270935058594,11.995649337768555,8.04504680633545,40.08589553833008,15.334607124328613,36.93020248413086,11.046663284301758,20.558734893798828,40.68000030517578,3.7136125564575195,98.48999786376953
2023-05-03,66.97932434082031,6.751896858215332,13.634286880493164,30.200000762939453,23.785964965820312,14.248281478881836,18.420000076293945,14.770000457763672,8.692614555358887,7.794792175292969,5.953226566314697,10.787830352783203,48.37261962890625,11.859776496887207,8.035446166992188,39.96134567260742,15.13597297668457,37.4685173034668,11.222161293029785,20.486406326293945,40.099998474121094,3.869156837463379,98.5999984741211
2023-05-04,64.90199279785156,6.8102707862854,13.49948501586914,30.65999984741211,22.804109573364258,15.118629455566406,18.90999984741211,14.90999984741211,8.633345603942871,7.756012439727783,5.795785903930664,10.905196189880371,48.6892204284668,11.801545143127441,8.141050338745117,40.41163635253906,14.828089714050293,36.92165756225586,11.534157752990723,20.81187629699707,39.599998474121094,3.781663417816162,98.94999694824219
2023-05-05,67.01815032958984,7.053494453430176,13.913520812988281,31.6299991607666,23.86297607421875,16.526832580566406,19.25,15.390000343322754,9.04822063446045,7.940217018127441,6.150027275085449,11.091025352478027,48.478153228759766,11.52009391784668,8.390657424926758,41.43678283691406,15.364402770996094,38.51818084716797,12.177653312683105,21.697872161865234,41.61000061035156,3.8594353199005127,101.91000366210938
2023-05-08,67.92091369628906,7.0729522705078125,14.000178337097168,32.540000915527344,24.084375381469727,16.429040908813477,18.8700008392334,15.699999809265137,8.939562797546387,8.017778396606445,5.963066101074219,11.257292747497559,48.92906951904297,11.490978240966797,8.448260307312012,41.27390670776367,15.463720321655273,35.900001525878906,12.128904342651367,22.158950805664062,41.869998931884766,3.949045181274414,102.48999786376953
2023-05-09,68.61983489990234,7.238344669342041,13.913520812988281,30.75,24.219139099121094,17.11358642578125,18.989999771118164,15.710000038146973,9.305048942565918,7.953486442565918,6.002426624298096,11.286633491516113,49.87887191772461,11.626851081848145,8.496260643005371,41.14936065673828,15.622628211975098,35.91999816894531,12.245903015136719,22.231279373168945,41.5,3.949045181274414,103.80000305175781
2023-05-10,67.32878112792969,7.218886852264404,13.749832153320312,32.22999954223633,23.458681106567383,17.11358642578125,19.389999389648438,15.869999885559082,9.137123107910156,8.159180641174316,6.002426624298096,12.098410606384277,49.888465881347656,11.782135009765625,8.56346321105957,41.685882568359375,15.860990524291992,35.2599983215332,12.236153602600098,22.177034378051758,41.689998626708984,3.9886345863342285,103.97000122070312
2023-05-11,66.01831817626953,7.345363616943359,14.250526428222656,36.04999923706055,23.218032836914062,16.5463924407959,19.399999618530273,16.209999084472656,9.206268310546875,8.061230659484863,5.972907066345215,12.274458885192871,49.926841735839844,11.956828117370605,8.640265464782715,42.538570404052734,15.910649299621582,35.04999923706055,12.460400581359863,22.990703582763672,41.56999969482422,3.949045181274414,104.81999969482422
2023-05-12,66.08626556396484,7.238344669342041,13.961664199829102,35.849998474121094,23.352794647216797,16.44860076904297,19.399999618530273,15.9399995803833,8.919807434082031,8.149385452270508,6.100827217102051,11.834339141845703,49.94602584838867,11.811250686645508,8.601865768432617,42.37569808959961,16.00003433227539,35.310001373291016,12.509151458740234,23.73204803466797,42.439998626708984,3.939147710800171,105.05000305175781
2023-05-15,67.03755950927734,7.394008159637451,14.317928314208984,36.5099983215332,23.506811141967773,16.957117080688477,19.6299991607666,15.970000267028809,9.18651294708252,8.08082103729248,6.002426624298096,11.971264839172363,50.12831115722656,11.995649337768555,8.640265464782715,42.5768928527832,16.089420318603516,35.72999954223633,12.67490005493164,23.198640823364258,42.90999984741211,4.127197742462158,105.47000122070312
2023-05-16,65.65914916992188,7.530213356018066,14.019436836242676,36.66999816894531,22.956254959106445,16.605066299438477,19.65999984741211,16.059999465942383,9.532240867614746,7.992666244506836,6.031947135925293,11.687631607055664,50.16668701171875,11.830660820007324,8.621065139770508,41.35055923461914,13.596552848815918,35.72999954223633,12.489651679992676,23.777250289916992,43.709999084472656,4.067813396453857,104.62999725341797
2023-05-17,67.83354949951172,7.598316192626953,14.539388656616211,37.9900016784668,23.713272094726562,18.20885467529297,20.139999389648438,16.469999313354492,9.976750373840332,8.266923904418945,6.100827217102051,12.10819149017334,50.51206970214844,11.597735404968262,8.649866104125977,41.41762161254883,13.646211624145508,36.029998779296875,12.986896514892578,23.198640823364258,43.72999954223633,4.09750509262085,106.01000213623047
2023-05-18,67.93062591552734,8.006932258605957,14.731963157653809,39.029998779296875,23.791921615600586,18.43377685546875,20.440000534057617,16.770000457763672,9.80882453918457,8.50200366973877,6.100827217102051,12.401604652404785,50.84785461425781,11.617146492004395,8.630664825439453,41.388877868652344,14.510272979736328,35.41999816894531,13.1526460647583,23.334253311157227,45.349998474121094,4.26576042175293,106.75
2023-05-19,67.18317413330078,8.09449291229248,15.088226318359375,39.349998474121094,23.6739444732666,18.98141098022461,20.719999313354492,17.030000686645508,10.174309730529785,8.648926734924316,6.090986728668213,12.470067977905273,49.84049606323242,11.762723922729492,8.573062896728516,42.193668365478516,14.559931755065918,35.529998779296875,13.220895767211914,23.2980899810791,45.41999816894531,4.325144290924072,107.16000366210938
2023-05-22,66.10567474365234,8.182053565979004,15.001566886901855,38.869998931884766,24.666913986206055,18.51201057434082,20.920000076293945,17.010000228881836,10.450892448425293,8.531388282775879,6.090986728668213,12.499408721923828,49.79252624511719,11.704493522644043,8.515460968017578,41.637977600097656,14.530137062072754,35.5,13.055147171020508,23.162477493286133,45.18000030517578,4.305349826812744,106.55000305175781
2023-05-23,64.61077880859375,8.08476448059082,14.846010208129883,38.95000076293945,24.61775779724121,18.20885467529297,20.889999389648438,17.200000762939453,10.668208122253418,8.619542121887207,6.238587856292725,12.294018745422363,49.888465881347656,11.646261215209961,8.553862571716309,42.61521911621094,14.480478286743164,35.04999923706055,12.879648208618164,23.73204803466797,45.86000061035156,4.285554885864258,106.44000244140625
2023-05-24,63.14500045776367,7.685876846313477,14.593228340148926,39.220001220703125,24.047536849975586,17.98393440246582,20.81999969482422,16.979999542236328,10.559550285339355,8.443233489990234,6.464909076690674,12.32336139678955,49.888465881347656,11.646261215209961,8.544262886047363,42.739768981933594,14.331501960754395,34.84000015258789,12.538400650024414,24.093677520751953,44.59000015258789,4.186581611633301,105.2699966430664
2023-05-25,62.95085525512695,7.860998153686523,15.166847229003906,39.7400016784668,23.8017520904541,19.06942367553711,21.139999389648438,17.350000381469727,10.668208122253418,8.404053688049316,7.537473201751709,12.528751373291016,51.701717376708984,11.68508243560791,8.669065475463867,42.78767013549805,14.391092300415039,34.79999923706055,12.850398063659668,23.912864685058594,44.119998931884766,4.186581611633301,106.55000305175781
2023-05-26,64.38751220703125,8.473922729492188,15.24462604522705,41.54999923706055,24.539104461669922,19.597501754760742,21.31999969482422,17.6200008392334,11.330032348632812,8.433438301086426,7.960595607757568,13.369868278503418,50.377750396728516,11.675376892089844,8.621065139770508,42.538570404052734,14.718839645385742,35.06999969482422,13.318394660949707,24.229290008544922,45.349998474121094,4.226171016693115,107.51000213623047
2023-05-29,63.902156829833984,8.473922729492188,15.147401809692383,41.959999084472656,24.52927589416504,19.25522804260254,21.549999237060547,17.190000534057617,11.102838516235352,8.296309471130371,8.127876281738281,13.086236000061035,51.71131134033203,11.617146492004395,8.611464500427246,42.46192169189453,15.215426445007324,35.06999969482422,13.191644668579102,24.12984275817871,45.380001068115234,4.1766839027404785,106.7699966430664
2023-05-30,62.397544860839844,8.016661643981934,15.351572036743164,41.18000030517578,23.909896850585938,18.89339828491211,21.65999984741211,17.329999923706055,11.359665870666504,8.198360443115234,7.970435619354248,12.871066093444824,51.30836486816406,11.558915138244629,8.525062561035156,42.825992584228516,15.046586990356445,34.56999969482422,13.01614761352539,23.858617782592773,45.119998931884766,4.166787147521973,105.37999725341797
2023-05-31,61.941314697265625,7.968016147613525,15.458516120910645,41.220001220703125,23.565799713134766,19.02052879333496,21.670000076293945,17.469999313354492,11.596736907958984,8.149385452270508,8.265636444091797,12.88084602355957,51.0493278503418,11.35510540008545,8.429058074951172,42.74934768676758,14.788362503051758,34.529998779296875,12.986896514892578,23.614517211914062,44.779998779296875,4.127197742462158,104.83999633789062
2023-06-01,63.25178146362305,8.172324180603027,16.430749893188477,41.540000915527344,23.88040542602539,20.10601806640625,22.479999542236328,17.84000015258789,11.270764350891113,8.198360443115234,8.560837745666504,12.812383651733398,51.327552795410156,11.423041343688965,8.557596206665039,42.86431884765625,15.016792297363281,34.41999816894531,13.942389488220215,24.37394142150879,45.0,4.087608337402344,107.19999694824219
2023-06-02,65.95036315917969,8.14313793182373,16.207138061523438,41.65999984741211,24.657081604003906,20.018003463745117,22.299999237060547,18.600000381469727,11.260886192321777,8.433438301086426,8.127876281738281,12.763481140136719,51.69212341308594,11.52979850769043,8.759744644165039,43.5006103515625,15.00685977935791,35.33000183105469,14.059388160705566,24.572839736938477,46.41999816894531,4.166787147521973,109.0199966430664
2023-06-05,65.4067611694336,8.435007095336914,16.22658348083496,41.369998931884766,24.637418746948242,20.0669002532959,22.200000762939453,18.809999465942383,11.537469863891602,8.394258499145508,7.940915107727051,12.968871116638184,51.61537170410156,11.52979850769043,8.750117301940918,43.772850036621094,14.818157196044922,35.47999954223633,14.098388671875,24.83502197265625,46.810001373291016,4.186581611633301,109.13999938964844
2023-06-06,65.62032318115234,8.542024612426758,16.489084243774414,42.209999084472656,24.578432083129883,20.653654098510742,23.010000228881836,19.219999313354492,11.814053535461426,8.472618103027344,8.304996490478516,13.291625022888184,51.6633415222168,11.820956230163574,8.750117301940918,44.2784423828125,14.967132568359375,36.209999084472656,14.049638748168945,25.359386444091797,46.939998626708984,4.245965480804443,111.06999969482422
2023-06-07,66.65898132324219,8.473922729492188,16.673809051513672,41.81999969482422,24.765228271484375,21.17194938659668,22.799999237060547,19.459999084472656,11.863442420959473,8.374669075012207,8.255796432495117,13.3307466506958,52.008724212646484,11.84036636352539,8.769370079040527,44.25899887084961,15.155837059020996,36.849998474121094,14.371386528015137,26.100732803344727,45.83000183105469,4.216273784637451,111.77999877929688
2023-06-09,66.35806274414062,8.396090507507324,16.994646072387695,41.689998626708984,24.873371124267578,21.34797477722168,22.719999313354492,19.600000381469727,11.95234489440918,8.384464263916016,8.393556594848633,13.311185836791992,52.238975524902344,12.180048942565918,8.884883880615234,46.41749954223633,15.245222091674805,36.5,14.33238697052002,27.3754825592041,45.2400016784668,4.206376075744629,113.20999908447266
2023-06-12,65.15438079833984,8.3085298538208,17.043258666992188,41.54999923706055,24.70623779296875,22.31611442565918,23.09000015258789,19.700000762939453,11.75478458404541,8.472618103027344,8.856039047241211,13.301405906677246,52.699485778808594,12.403268814086914,8.92338752746582,48.09957504272461,14.937337875366211,35.5,14.527384757995605,27.854642868041992,46.70000076293945,4.3350419998168945,113.63999938964844
2023-06-13,65.84358978271484,8.14313793182373,16.712697982788086,41.45000076293945,24.725900650024414,21.0252628326416,22.719999313354492,18.469999313354492,11.576982498168945,8.335489273071289,8.905240058898926,13.232941627502441,52.95852279663086,12.180048942565918,9.000396728515625,47.598941802978516,14.778429985046387,35.2599983215332,14.244636535644531,27.800291061401367,47.04999923706055,4.394426345825195,112.94000244140625
2023-06-14,66.99873352050781,8.269614219665527,16.761310577392578,44.27000045776367,25.600894927978516,21.01548194885254,23.18000030517578,19.0,11.814053535461426,8.227744102478027,9.1118803024292,13.154698371887207,53.380653381347656,12.374152183532715,9.106284141540527,47.83390808105469,14.937337875366211,35.0099983215332,14.839383125305176,28.99475860595703,46.650001525878906,4.443912506103516,115.11000061035156
2023-06-15,67.52291870117188,8.327988624572754,16.868255615234375,44.09000015258789,25.48291778564453,20.604755401611328,23.25,18.8700008392334,11.804174423217773,8.32569408416748,8.954440116882324,13.487234115600586,53.57253646850586,12.383857727050781,9.269927024841309,48.81290054321289,15.026723861694336,35.31999969482422,14.34213638305664,28.310829162597656,48.34000015258789,4.532989025115967,115.4000015258789
2023-06-16,67.62969970703125,8.269614219665527,16.100191116333008,44.369998931884766,25.512413024902344,19.8810977935791,23.399999618530273,19.020000457763672,11.804174423217773,8.276719093322754,9.06633186340332,13.35030746459961,53.726036071777344,12.04417610168457,9.289179801940918,48.45067596435547,14.897611618041992,36.36000061035156,14.254386901855469,28.55164909362793,48.29999923706055,4.5824761390686035,114.9000015258789
2023-06-19,67.36760711669922,8.600399017333984,16.314085006713867,44.81999969482422,25.787689208984375,20.3211612701416,23.520000457763672,19.239999771118164,11.804174423217773,8.472618103027344,9.423430442810059,13.301405906677246,53.64928436279297,12.160637855529785,9.404692649841309,49.35135269165039,14.947270393371582,36.70000076293945,14.429885864257812,29.303009033203125,47.70000076293945,4.542886734008789,116.12999725341797
2023-06-20,65.6300277709961,8.717146873474121,16.55714225769043,45.72999954223633,25.42392921447754,21.10349464416504,23.950000762939453,18.81999969482422,11.75478458404541,9.138673782348633,9.721012115478516,13.438331604003906,54.6374626159668,12.364447593688965,9.443197250366211,49.3415641784668,14.828089714050293,37.0099983215332,14.3616361618042,29.447500228881836,47.439998626708984,4.562681198120117,115.81999969482422
2023-06-21,64.96994018554688,8.678230285644531,16.55714225769043,45.7599983215332,25.217470169067383,21.279521942138672,24.700000762939453,18.3799991607666,12.001733779907227,8.99174976348877,9.641656875610352,13.575258255004883,54.60867691040039,12.510026931762695,9.520206451416016,50.89817428588867,14.510272979736328,36.900001525878906,14.273886680603027,30.68050193786621,46.47999954223633,4.46370792388916,116.2699966430664
2023-06-22,64.6204833984375,8.765790939331055,16.391862869262695,45.150001525878906,24.735733032226562,20.927471160888672,24.399999618530273,17.93000030517578,11.8436861038208,9.138673782348633,9.344075202941895,13.545917510986328,54.867713928222656,12.121816635131836,9.404692649841309,49.92896270751953,14.500341415405273,36.400001525878906,13.844890594482422,30.295188903808594,45.86000061035156,4.414220809936523,115.26000213623047
2023-06-23,63.97010803222656,8.892268180847168,16.673809051513672,44.880001068115234,24.70623779296875,21.81737518310547,25.239999771118164,18.59000015258789,11.725151062011719,9.021134376525879,9.423430442810059,13.438331604003906,55.55847930908203,12.529437065124512,9.408977508544922,49.948543548583984,14.828089714050293,38.77000045776367,14.069138526916504,29.052555084228516,45.939998626708984,4.483502388000488,115.30999755859375
2023-06-26,64.10601043701172,8.814435958862305,16.57658576965332,44.220001220703125,24.90286636352539,21.16217041015625,24.920000076293945,18.200000762939453,11.60661506652832,8.864416122436523,9.03657341003418,13.168850898742676,55.61603927612305,12.454460144042969,9.408977508544922,50.06602096557617,14.778429985046387,38.599998474121094,13.698640823364258,29.70758819580078,45.61000061035156,4.404323101043701,114.41999816894531
2023-06-27,64.87287139892578,8.785248756408691,16.430749893188477,43.43000030517578,24.991348266601562,20.62431526184082,24.479999542236328,17.899999618530273,10.986225128173828,8.688106536865234,8.977057456970215,12.8423490524292,56.25883483886719,12.43475341796875,9.311575889587402,49.14576721191406,14.559931755065918,37.369998931884766,13.708392143249512,29.47640037536621,44.84000015258789,4.374631404876709,113.7699966430664
2023-06-28,62.82466506958008,8.853352546691895,16.4793643951416,43.88999938964844,24.607925415039062,20.644216537475586,24.200000762939453,18.149999618530273,10.499053955078125,8.825236320495605,8.977057456970215,12.743410110473633,57.323760986328125,12.336222648620605,9.2141752243042,48.54857635498047,14.480478286743164,37.22999954223633,13.713654518127441,29.75575065612793,44.16999816894531,4.285554885864258,113.02999877929688
2023-06-29,63.591529846191406,9.106304168701172,16.693252563476562,45.310001373291016,24.853710174560547,21.09793472290039,24.31999969482422,19.049999237060547,10.9265718460083,8.981954574584961,9.115928649902344,12.822562217712402,56.58502960205078,12.454460144042969,9.350537300109863,48.9989128112793,14.599658966064453,37.79999923706055,14.39196491241455,29.89061164855957,44.04999923706055,4.285554885864258,114.91000366210938
2023-06-30,62.33930587768555,9.203594207763672,16.819643020629883,46.540000915527344,24.64725112915039,19.72691535949707,24.649999618530273,19.649999618530273,11.2049560546875,9.079904556274414,9.175445556640625,13.010546684265137,56.604217529296875,12.67123031616211,9.389497756958008,48.36256408691406,14.967132568359375,38.220001220703125,14.362471580505371,28.445690155029297,44.220001220703125,4.3350419998168945,114.16999816894531
2023-07-03,64.29044342041016,9.223052024841309,17.062702178955078,45.630001068115234,25.532073974609375,20.012956619262695,25.110000610351562,19.0,11.801492691040039,9.461906433105469,8.957218170166016,13.000653266906738,57.82455825805664,12.641671180725098,9.535599708557129,49.33177185058594,15.145904541015625,38.63999938964844,14.677051544189453,28.975494384765625,44.220001220703125,4.3350419998168945,115.94000244140625
2023-07-04,63.97010803222656,9.281425476074219,17.11131477355957,44.45000076293945,25.48291778564453,20.003093719482422,24.959999084472656,19.049999237060547,11.513166427612305,9.442317008972168,9.165525436401367,13.10948657989502,57.638343811035156,12.533286094665527,9.408977508544922,49.01849365234375,15.096245765686035,39.06999969482422,14.490270614624023,29.042922973632812,44.72999954223633,4.384528636932373,115.23999786376953
2023-07-05,63.40708923339844,9.446818351745605,17.169647216796875,44.70000076293945,25.38460350036621,20.170772552490234,25.3700008392334,19.260000228881836,11.443571090698242,9.579445838928223,9.175445556640625,13.33704662322998,57.82455825805664,12.493873596191406,9.564820289611816,48.6954231262207,15.18563175201416,40.439998626708984,14.480439186096191,29.004392623901367,44.45000076293945,4.354836940765381,115.83999633789062
2023-07-06,62.95085525512695,9.106304168701172,16.712697982788086,44.75,25.138818740844727,19.529645919799805,25.040000915527344,18.8799991607666,11.4833402633667,9.275803565979004,9.046492576599121,12.862137794494629,57.82455825805664,12.31651496887207,9.360276222229004,47.980751037597656,14.927406311035156,40.11000061035156,13.93975830078125,28.561283111572266,44.11000061035156,4.26576042175293,113.63999938964844
2023-07-07,63.542991638183594,9.047930717468262,16.916868209838867,46.13999938964844,25.699207305908203,20.14118003845215,25.469999313354492,19.200000762939453,12.079875946044922,9.45211124420166,8.967137336730957,13.119380950927734,57.83435821533203,12.415047645568848,9.486899375915527,48.91080093383789,14.947270393371582,40.810001373291016,14.116707801818848,28.416790008544922,44.5099983215332,4.325144290924072,115.19000244140625
2023-07-10,62.5722770690918,8.804707527160645,16.761310577392578,45.79999923706055,25.8466796875,18.839204788208008,25.260000228881836,18.979999542236328,11.831318855285645,9.501086235046387,8.600119590759277,13.060016632080078,60.41196060180664,12.355928421020508,9.467419624328613,48.01012420654297,14.768498420715332,40.81999969482422,13.841451644897461,28.464954376220703,44.029998779296875,4.285554885864258,114.0999984741211
2023-07-11,64.63019561767578,8.853352546691895,16.751588821411133,45.970001220703125,25.915498733520508,18.602481842041016,24.989999771118164,18.790000915527344,11.622530937194824,9.540266036987305,8.381893157958984,12.713728904724121,60.44136428833008,12.31651496887207,9.350537300109863,47.324825286865234,14.728771209716797,40.77000045776367,13.693994522094727,28.079641342163086,44.04999923706055,4.26576042175293,113.80000305175781
2023-07-12,65.08643341064453,8.960370063781738,16.868255615234375,46.099998474121094,26.456222534179688,18.31644058227539,24.8700008392334,20.0,11.642416000366211,9.550061225891113,8.431489944458008,12.476273536682129,60.74518966674805,12.306661605834961,9.350537300109863,46.56120681762695,14.669181823730469,40.77000045776367,14.008572578430176,28.098907470703125,44.18000030517578,4.226171016693115,113.83000183105469
2023-07-13,66.60074615478516,9.009015083312988,17.062702178955078,46.119998931884766,26.918296813964844,18.19808006286621,25.020000457763672,20.1200008392334,11.910857200622559,9.638216018676758,8.362054824829102,12.52574348449707,60.38256072998047,12.523432731628418,9.467419624328613,47.00175094604492,14.599658966064453,40.599998474121094,14.31332015991211,28.542016983032227,44.369998931884766,4.245965480804443,115.58000183105469
2023-07-14,66.60074615478516,8.921454429626465,16.82936668395996,44.90999984741211,26.702007293701172,17.586544036865234,24.469999313354492,19.6200008392334,11.781608581542969,9.648011207580566,8.332295417785645,12.545531272888184,60.74518966674805,12.395340919494629,9.379756927490234,46.6884765625,14.500341415405273,40.45000076293945,14.205183029174805,27.983312606811523,44.54999923706055,4.245965480804443,113.95999908447266
2023-07-17,65.86299896240234,9.047930717468262,16.984922409057617,45.16999816894531,26.800321578979492,17.71476936340332,24.59000015258789,20.049999237060547,11.642416000366211,9.657805442810059,8.560442924499512,12.654364585876465,59.78471374511719,12.395340919494629,9.516119956970215,47.09965515136719,14.540068626403809,40.630001068115234,14.342811584472656,27.92551612854004,44.400001525878906,4.216273784637451,114.70999908447266
2023-07-18,65.44558715820312,9.057660102844238,17.00436782836914,45.709999084472656,27.06576919555664,17.80354118347168,24.59000015258789,20.729999542236328,11.821377754211426,9.745959281921387,8.61995792388916,12.822562217712402,59.81411361694336,12.26724910736084,9.496639251708984,47.25629425048828,14.460615158081055,40.75,14.460779190063477,27.771392822265625,44.56999969482422,4.226171016693115,113.94999694824219
2023-07-19,65.27085876464844,8.979827880859375,16.625198364257812,44.70000076293945,26.96745491027832,17.537227630615234,24.350000381469727,20.579999923706055,11.731897354125977,9.442317008972168,8.52076530456543,12.951183319091797,60.37275695800781,12.21798324584961,9.408977508544922,46.433937072753906,14.490409851074219,41.439998626708984,14.352643013000488,28.031478881835938,43.470001220703125,4.166787147521973,113.75
2023-07-20,65.41647338867188,9.067388534545898,16.469640731811523,44.97999954223633,27.055936813354492,17.635862350463867,24.110000610351562,20.25,11.881031036376953,9.520676612854004,8.580281257629395,12.763197898864746,60.284549713134766,12.19827651977539,9.467419624328613,46.943016052246094,14.559931755065918,41.650001525878906,14.362471580505371,28.060375213623047,43.650001525878906,4.166787147521973,114.33999633789062
2023-07-21,65.81446838378906,9.077117919921875,16.90714454650879,45.45000076293945,26.760995864868164,18.050127029418945,24.56999969482422,20.190000534057617,11.890973091125488,9.481496810913086,8.917540550231934,13.297471046447754,60.37275695800781,12.38548755645752,9.633002281188965,47.50104522705078,14.381159782409668,41.81999969482422,14.912985801696777,28.590181350708008,44.060001373291016,4.1766839027404785,116.4000015258789
2023-07-24,67.80442810058594,9.125762939453125,17.64604377746582,45.18000030517578,27.54750633239746,18.602481842041016,24.75,20.309999465942383,12.10970401763916,9.56965160369873,8.937379837036133,13.416199684143066,60.284549713134766,12.493873596191406,9.564820289611816,46.57099533081055,14.550000190734863,42.22999954223633,14.844171524047852,29.187414169311523,45.02000045776367,4.315247535705566,117.56999969482422
2023-07-25,69.90117645263672,9.154949188232422,18.171049118041992,44.5099983215332,28.5109806060791,18.38548469543457,24.860000610351562,20.31999969482422,12.139530181884766,9.461906433105469,8.659635543823242,13.792168617248535,60.402164459228516,12.484020233154297,9.642742156982422,46.32624435424805,14.609590530395508,42.52000045776367,14.736034393310547,29.861711502075195,45.22999954223633,4.3350419998168945,117.9800033569336
2023-07-26,69.65849304199219,9.057660102844238,18.102994918823242,44.630001068115234,28.560136795043945,18.740570068359375,24.950000762939453,20.399999618530273,12.31849193572998,9.559856414794922,8.86794376373291,14.296760559082031,60.0787353515625,12.572698593139648,9.604835510253906,46.71784591674805,14.361297607421875,42.95000076293945,14.696712493896484,29.861711502075195,46.470001220703125,4.394426345825195,118.73999786376953
2023-07-27,68.35773468017578,8.921454429626465,17.986324310302734,44.20000076293945,27.99974822998047,18.375619888305664,24.350000381469727,20.420000076293945,12.517337799072266,9.461906433105469,9.03657341003418,14.95965576171875,59.78471374511719,12.336222648620605,9.477553367614746,45.758426666259766,14.460615158081055,44.29999923706055,14.352643013000488,28.310829162597656,47.20000076293945,4.46370792388916,116.04000091552734
2023-07-28,65.6494369506836,9.047930717468262,18.27799415588379,45.2400016784668,27.90143394470215,18.38548469543457,24.469999313354492,20.899999618530273,12.686356544494629,9.775343894958496,9.4135103225708,16.25576400756836,59.78471374511719,12.415047645568848,9.604835510253906,46.28708267211914,14.679112434387207,43.95000076293945,14.470608711242676,28.66724395751953,47.209999084472656,4.5131940841674805,116.5199966430664
2023-07-31,67.13463592529297,9.135492324829102,19.075227737426758,45.38999938964844,28.756765365600586,18.493982315063477,24.309999465942383,21.100000381469727,12.368202209472656,9.990833282470703,9.324235916137695,15.701702117919922,59.64750289916992,12.484020233154297,9.614624977111816,47.177974700927734,14.748635292053223,43.650001525878906,14.64755916595459,29.967674255371094,48.06999969482422,4.5824761390686035,117.94999694824219
2023-08-01,66.20274353027344,9.359257698059082,19.28911781311035,45.150001525878906,28.66828155517578,18.395347595214844,24.81999969482422,21.389999389648438,12.63664436340332,9.951653480529785,10.336014747619629,15.46424674987793,59.09865951538086,12.44460678100586,9.595044136047363,46.36540603637695,15.076382637023926,44.310001373291016,14.490270614624023,29.47640037536621,48.380001068115234,4.493399620056152,117.5199966430664
2023-08-02,65.12525177001953,9.641397476196289,19.9307918548584,45.36000061035156,28.275028228759766,18.740570068359375,24.729999542236328,21.709999084472656,12.746009826660156,10.098577499389648,10.772468566894531,15.77095890045166,59.10845947265625,12.44460678100586,9.643998146057129,46.57099533081055,15.18563175201416,44.29999923706055,14.519762992858887,29.40896987915039,47.88999938964844,4.532989025115967,117.01000213623047
2023-08-03,65.532958984375,9.874892234802246,19.6294002532959,46.09000015258789,28.009580612182617,18.29671287536621,24.579999923706055,21.729999542236328,12.626702308654785,10.343451499938965,9.988835334777832,15.563185691833496,59.64750289916992,12.286955833435059,9.634206771850586,46.649314880371094,15.523310661315918,44.56999969482422,14.618067741394043,29.784648895263672,49.63999938964844,4.612167835235596,116.70999908447266
2023-08-04,65.58148956298828,9.74841594696045,20.241907119750977,47.060001373291016,27.596662521362305,19.35210418701172,24.18000030517578,21.950000762939453,12.8056640625,10.519759178161621,9.94915771484375,14.7617769241333,58.657623291015625,12.001213073730469,9.555880546569824,46.40456771850586,15.592832565307617,44.900001525878906,14.460779190063477,28.8984317779541,50.27000045776367,4.701244354248047,115.66000366210938
2023-08-07,65.91153717041016,9.728958129882812,20.397462844848633,46.95000076293945,27.311553955078125,18.740570068359375,24.030000686645508,22.139999389648438,12.726125717163086,10.94094181060791,10.068190574645996,14.643049240112305,59.73571014404297,11.843561172485352,9.555880546569824,46.32624435424805,15.443857192993164,44.209999084472656,14.382134437561035,29.08145523071289,50.52000045776367,4.679999828338623,115.61000061035156
2023-08-08,65.48442077636719,9.680313110351562,19.6294002532959,45.90999984741211,26.49555015563965,18.888521194458008,24.25,22.139999389648438,12.726125717163086,10.640000343322754,10.2169828414917,14.257184982299805,60.26495361328125,11.833707809448242,9.467761993408203,46.003177642822266,15.1260404586792,43.470001220703125,14.244505882263184,29.1103515625,49.75,4.570000171661377,115.2699966430664
2023-08-09,64.89228057861328,9.738687515258789,20.368297576904297,45.939998626708984,25.42392921447754,18.050127029418945,24.329999923706055,21.8700008392334,12.676413536071777,10.75,10.018594741821289,13.792168617248535,59.7749137878418,11.961799621582031,9.271894454956055,45.74863815307617,15.016792297363281,43.43000030517578,14.057724952697754,29.34153938293457,49.29999923706055,4.510000228881836,114.69999694824219
2023-08-10,64.12541961669922,9.738687515258789,20.35857582092285,49.869998931884766,25.443592071533203,18.464391708374023,24.190000534057617,21.950000762939453,12.885202407836914,10.630000114440918,10.177305221557617,14.71230697631836,61.00981140136719,12.001213073730469,9.28164291381836,45.98359680175781,14.917474746704102,42.900001525878906,14.028233528137207,29.50529670715332,49.349998474121094,4.5,114.51000213623047
2023-08-11,63.591529846191406,9.583024024963379,20.086349487304688,46.689998626708984,25.22730255126953,18.257261276245117,24.610000610351562,22.309999465942383,12.487510681152344,10.699999809265137,10.345934867858887,14.801352500915527,60.480567932128906,12.2081298828125,9.359641075134277,46.48288345336914,14.798293113708496,42.849998474121094,13.959419250488281,29.437868118286133,50.16999816894531,4.519999980926514,114.25
2023-08-14,61.900001525878906,9.874892234802246,20.339130401611328,48.41999816894531,25.404266357421875,17.330095291137695,24.1200008392334,22.100000381469727,12.934913635253906,10.789999961853027,10.2169828414917,15.187216758728027,63.28358840942383,12.178569793701172,9.320642471313477,46.02275466918945,14.847951889038086,41.20000076293945,13.870944023132324,29.514930725097656,50.91999816894531,4.579999923706055,113.30999755859375
2023-08-15,61.290000915527344,9.728958129882812,20.650243759155273,48.029998779296875,25.345279693603516,17.20186996459961,24.18000030517578,22.229999542236328,12.905085563659668,10.470000267028809,10.76254940032959,14.850822448730469,63.44040298461914,11.784441947937012,9.291393280029297,45.77800369262695,14.857884407043457,39.88999938964844,13.782468795776367,29.726852416992188,50.040000915527344,4.539999961853027,112.37000274658203
2023-08-16,61.04999923706055,9.894350051879883,21.029415130615234,47.599998474121094,25.32561492919922,17.25118637084961,23.440000534057617,22.1299991607666,12.905085563659668,10.550000190734863,10.514564514160156,15.454353332519531,63.09737014770508,11.794295310974121,9.223146438598633,46.16960525512695,14.897611618041992,39.36000061035156,13.576026916503906,30.381885528564453,49.90999984741211,4.53000020980835,111.87000274658203
2023-08-17,61.90999984741211,9.728958129882812,19.9599609375,46.220001220703125,25.207637786865234,16.87637710571289,23.0,21.260000228881836,12.01028060913086,10.460000038146973,10.56416130065918,15.335625648498535,62.2251091003418,11.833707809448242,9.145148277282715,46.600364685058594,14.569863319396973,39.150001525878906,13.202465057373047,30.28555679321289,50.400001525878906,4.510000228881836,111.36000061035156
2023-08-18,61.220001220703125,10.341882705688477,20.047460556030273,44.959999084472656,25.06999969482422,17.122962951660156,23.31999969482422,21.469999313354492,12.288664817810059,10.619999885559082,10.464967727661133,15.533504486083984,63.21498489379883,11.833707809448242,9.197205543518066,46.786373138427734,14.718839645385742,39.2599983215332,13.428567886352539,30.362619400024414,50.68000030517578,4.510000228881836,111.69999694824219
2023-08-21,61.29999923706055,10.468358993530273,19.9307918548584,44.060001373291016,24.920000076293945,16.87637710571289,22.899999618530273,21.309999465942383,12.21906852722168,10.350000381469727,10.266579627990723,15.385095596313477,62.9405632019043,12.03077220916748,9.05978775024414,46.61994171142578,14.550000190734863,39.209999084472656,13.251616477966309,30.15069580078125,50.08000183105469,4.449999809265137,110.79000091552734
2023-08-22,62.58000183105469,10.731040000915527,20.630800247192383,45.22999954223633,25.190000534057617,16.94542121887207,23.469999313354492,21.780000686645508,12.785778999328613,10.5,10.018594741821289,15.632444381713867,62.9405632019043,12.070184707641602,9.20702075958252,47.63164138793945,14.710000038146973,39.68000030517578,13.625179290771484,30.610000610351562,49.849998474121094,4.510000228881836,112.41000366210938
2023-08-23,63.040000915527344,11.00345230102539,21.184974670410156,46.59000015258789,25.25,17.172279357910156,24.110000610351562,22.100000381469727,13.382316589355469,10.699999809265137,10.613758087158203,15.533504486083984,63.01897048950195,12.04062557220459,9.38370132446289,47.84016036987305,14.760000228881836,40.029998779296875,13.959419250488281,32.2400016784668,49.47999954223633,4.519999980926514,114.30000305175781
2023-08-24,62.20000076293945,11.110469818115234,20.83496856689453,46.470001220703125,24.81999969482422,16.659379959106445,24.110000610351562,21.729999542236328,13.441969871520996,10.5600004196167,10.56416130065918,15.197110176086426,62.724945068359375,12.09974479675293,9.265913963317871,47.214603424072266,14.619999885559082,39.09000015258789,13.45805835723877,32.189998626708984,49.349998474121094,4.480000019073486,113.30000305175781
2023-08-25,62.06999969482422,11.042367935180664,20.15440559387207,43.279998779296875,24.790000915527344,16.383203506469727,23.770000457763672,21.170000076293945,13.272951126098633,10.359999656677246,10.207062721252441,15.335625648498535,62.73474884033203,12.060331344604492,9.167759895324707,46.598976135253906,14.600000381469727,39.83000183105469,13.26144790649414,31.969999313354492,49.900001525878906,4.53000020980835,112.1500015258789
2023-08-28,62.959999084472656,11.168843269348145,19.843290328979492,43.150001525878906,25.200000762939453,16.471975326538086,23.770000457763672,20.600000381469727,12.676413536071777,10.579999923706055,10.42529010772705,16.00841522216797,62.724945068359375,12.14901065826416,9.31499195098877,47.939453125,15.029999732971191,40.61000061035156,13.300769805908203,32.33000183105469,50.29999923706055,4.579999923706055,113.5
2023-08-29,64.97000122070312,11.420000076293945,20.212739944458008,44.33000183105469,25.68000030517578,16.471975326538086,23.950000762939453,20.790000915527344,13.044278144836426,10.829999923706055,10.385612487792969,16.908763885498047,62.64653778076172,12.237689971923828,9.403332710266113,48.207550048828125,15.15999984741211,41.31999969482422,13.340092658996582,32.400001525878906,51.150001525878906,4.630000114440918,114.62000274658203
2023-08-30,64.9800033569336,11.239999771118164,20.40718650817871,46.9900016784668,25.8700008392334,16.215524673461914,23.649999618530273,20.600000381469727,12.934913635253906,11.210000038146973,10.296337127685547,16.73067283630371,62.793548583984375,12.42490005493164,9.265913963317871,47.51248550415039,15.199999809265137,41.150001525878906,12.996023178100586,32.619998931884766,50.83000183105469,4.610000133514404,113.9000015258789
2023-08-31,65.08000183105469,11.220000267028809,19.34961700439453,47.93000030517578,25.850000381469727,15.81112289428711,22.770000457763672,20.25,12.576991081237793,10.979999542236328,10.107868194580078,16.295337677001953,63.20518112182617,12.14901065826416,9.069602966308594,46.76777648925781,14.859999656677246,40.220001220703125,12.710936546325684,31.940000534057617,50.150001525878906,4.590000152587891,112.30999755859375
2023-09-01,68.88999938964844,11.359999656677246,20.035078048706055,49.0099983215332,26.0,16.541019439697266,22.989999771118164,20.81999969482422,12.954797744750977,11.25,9.96899700164795,15.810534477233887,62.724945068359375,12.27710247039795,9.167759895324707,47.08551788330078,15.5600004196167,40.56999969482422,12.760088920593262,32.630001068115234,51.099998474121094,4.599999904632568,114.05000305175781
2023-09-04,69.4000015258789,11.40999984741211,19.84902572631836,48.130001068115234,26.18000030517578,16.215524673461914,22.959999084472656,20.450000762939453,12.875259399414062,11.020000457763672,9.978917121887207,16.542686462402344,62.460323333740234,12.237689971923828,9.069602966308594,46.936580657958984,15.25,40.540000915527344,12.838733673095703,32.290000915527344,50.970001220703125,4.630000114440918,114.13999938964844
2023-09-05,69.0999984741211,11.449999809265137,19.84902572631836,48.20000076293945,25.790000915527344,15.850576400756836,22.850000381469727,20.0,13.203354835510254,11.050000190734863,9.919400215148926,15.899580955505371,62.82295227050781,12.08989143371582,8.95181655883789,46.76777648925781,15.210000038146973,40.2400016784668,12.5536470413208,33.369998931884766,50.66999816894531,4.610000133514404,113.62000274658203
2023-09-06,67.98999786376953,11.4399995803833,19.84902572631836,47.88999938964844,25.389999389648438,15.357403755187988,22.540000915527344,19.739999771118164,12.89514446258545,10.880000114440918,9.869803428649902,15.949051856994629,63.165977478027344,11.932239532470703,8.84384536743164,46.450035095214844,15.149999618530273,39.849998474121094,12.327543258666992,33.52000045776367,49.86000061035156,4.480000019073486,112.25
2023-09-08,66.70999908447266,11.25,20.211339950561523,48.0,25.309999465942383,15.308086395263672,22.600000381469727,19.93000030517578,12.954797744750977,10.979999542236328,9.621817588806152,16.038095474243164,63.11697769165039,11.98150634765625,8.84384536743164,46.31101989746094,15.170000076293945,39.599998474121094,12.327543258666992,33.400001525878906,48.79999923706055,4.440000057220459,111.66000366210938
2023-09-11,67.66999816894531,11.4399995803833,20.71074867248535,48.0,25.549999237060547,15.534945487976074,23.110000610351562,20.3799991607666,12.7062406539917,11.279999732971191,9.909481048583984,15.830323219299316,63.11697769165039,12.2081298828125,9.05978775024414,47.04580307006836,15.4399995803833,39.599998474121094,12.691274642944336,33.369998931884766,49.970001220703125,4.519999980926514,113.4800033569336
2023-09-12,67.62000274658203,12.050000190734863,21.484342575073242,50.779998779296875,25.729999542236328,15.791396141052246,23.790000915527344,20.5,13.213296890258789,11.75,9.919400215148926,16.166717529296875,63.21498489379883,12.32636833190918,9.099050521850586,47.29999923706055,16.020000457763672,40.470001220703125,12.93703842163086,33.529998779296875,50.27000045776367,4.550000190734863,114.22000122070312
2023-09-13,67.36000061035156,11.880000114440918,21.259117126464844,50.22999954223633,25.360000610351562,16.028118133544922,23.950000762939453,20.1200008392334,13.61098861694336,12.029999732971191,10.018594741821289,16.671310424804688,62.47992706298828,12.38548755645752,9.099050521850586,47.2599983215332,16.59000015258789,40.2400016784668,12.986191749572754,33.029998779296875,50.25,4.570000171661377,114.45999908447266
2023-09-14,70.12000274658203,12.079999923706055,21.484342575073242,50.15999984741211,25.649999618530273,15.840712547302246,24.1200008392334,20.100000381469727,13.163585662841797,12.119999885559082,9.899560928344727,16.86918830871582,63.21498489379883,12.513579368591309,9.167759895324707,47.38999938964844,16.579999923706055,40.2400016784668,13.074666976928711,33.869998931884766,51.22999954223633,4.559999942779541,115.58999633789062
2023-09-15,69.54000091552734,11.970000267028809,21.386417388916016,50.5,25.780000686645508,15.367266654968262,23.559999465942383,19.75,13.640815734863281,12.510000228881836,9.671415328979492,16.2161865234375,64.69490051269531,12.612112045288086,9.157943725585938,47.54999923706055,16.690000534057617,40.040000915527344,12.976361274719238,33.88999938964844,52.529998779296875,4.559999942779541,114.91999816894531
2023-09-18,68.72000122070312,11.960000038146973,20.945762634277344,51.029998779296875,24.940000534057617,15.219315528869629,23.469999313354492,19.75,12.626702308654785,12.470000267028809,9.930000305175781,15.9292631149292,63.705020904541016,12.602258682250977,9.17757511138916,47.349998474121094,16.579999923706055,39.79999923706055,12.858394622802734,34.130001068115234,52.04999923706055,4.630000114440918,114.6500015258789
2023-09-19,68.8499984741211,11.949999809265137,20.88701057434082,51.619998931884766,24.59000015258789,14.40064811706543,23.219999313354492,19.350000381469727,12.477568626403809,12.819999694824219,10.069999694824219,15.860005378723145,64.0676498413086,12.720497131347656,9.138313293457031,47.279998779296875,16.40999984741211,39.470001220703125,12.701105117797852,34.209999084472656,52.779998779296875,4.659999847412109,114.0999984741211
2023-09-20,69.30999755859375,11.920000076293945,21.004518508911133,52.52000045776367,24.969999313354492,14.45982837677002,23.5,19.549999237060547,12.696298599243164,13.0,10.15999984741211,16.61194610595703,64.19506072998047,12.956974029541016,9.216836929321289,47.70000076293945,16.520000457763672,39.5,12.907546997070312,34.290000915527344,54.88999938964844,4.809999942779541,115.02999877929688
2023-09-21,67.5,11.729999542236328,20.319055557250977,49.52000045776367,24.389999389648438,13.759523391723633,22.899999618530273,18.649999618530273,12.368202209472656,12.84000015258789,10.050000190734863,16.50311279296875,63.90103530883789,12.759909629821777,9.030341148376465,46.61000061035156,16.15999984741211,39.290000915527344,12.376696586608887,33.7599983215332,56.0099983215332,4.849999904632568,112.5999984741211
2023-09-22,68.0,11.5,20.025287628173828,49.79999923706055,24.260000228881836,13.700343132019043,22.790000915527344,18.1299991607666,12.31849193572998,12.600000381469727,9.720000267028809,15.879792213439941,64.47928619384766,12.700791358947754,8.957271575927734,46.689998626708984,16.100000381469727,39.47999954223633,12.223735809326172,34.029998779296875,55.380001068115234,4.820000171661377,112.61000061035156
2023-09-25,66.5999984741211,11.489999771118164,19.584632873535156,49.38999938964844,24.399999618530273,13.611571311950684,22.959999084472656,17.790000915527344,12.10970401763916,12.699999809265137,9.59000015258789,16.325021743774414,64.09705352783203,12.750056266784668,9.006978988647461,46.41999816894531,15.770000457763672,39.77000045776367,12.233649253845215,34.25,55.209999084472656,4.800000190734863,112.56999969482422
2023-09-26,65.55999755859375,11.270000457763672,19.114601135253906,47.91999816894531,24.43000030517578,12.980310440063477,22.040000915527344,17.8700008392334,11.980454444885254,12.369999885559082,9.270000457763672,15.830323219299316,64.68509674072266,12.479999542236328,8.857855796813965,45.7599983215332,15.539999961853027,38.90999984741211,11.965975761413574,33.459999084472656,54.36000061035156,4.739999771118164,110.6500015258789
2023-09-27,65.69999694824219,11.279999732971191,19.222314834594727,47.95000076293945,24.450000762939453,12.899999618530273,21.940000534057617,18.0,11.899999618530273,12.34000015258789,8.960000038146973,15.319999694824219,64.67529296875,12.369999885559082,8.818090438842773,46.15999984741211,15.470000267028809,38.7599983215332,11.926321029663086,34.52000045776367,54.06999969482422,4.78000020980835,110.69999694824219
2023-09-28,66.69999694824219,11.59000015258789,19.281070709228516,48.650001525878906,24.299999237060547,13.420000076293945,22.260000228881836,18.920000076293945,12.079999923706055,12.710000038146973,9.399999618530273,15.630000114440918,64.38127899169922,12.399999618530273,8.967212677001953,47.63999938964844,15.779999732971191,39.099998474121094,12.104769706726074,34.45000076293945,53.83000183105469,4.71999979019165,112.18000030517578
2023-09-29,67.58000183105469,11.579999923706055,19.37899398803711,48.25,24.1299991607666,13.399999618530273,22.59000015258789,19.18000030517578,12.119999885559082,12.670000076293945,9.850000381469727,15.630000114440918,64.5380859375,12.40999984741211,8.997036933898926,47.18000030517578,16.059999465942383,39.38999938964844,12.289999961853027,34.63999938964844,54.279998779296875,4.789999961853027,113.1500015258789
2023-10-02,66.98999786376953,11.350000381469727,18.88937759399414,48.060001373291016,23.780000686645508,12.850000381469727,22.010000228881836,18.920000076293945,11.529999732971191,11.9399995803833,9.399999618530273,15.369999885559082,64.69999694824219,12.369999885559082,8.847914695739746,47.04999923706055,15.510000228881836,39.0,12.0,34.119998931884766,54.220001220703125,4.789999961853027,111.48999786376953
2023-10-03,66.58000183105469,11.050000190734863,18.64457130432129,48.40999984741211,23.290000915527344,12.529999732971191,21.510000228881836,18.139999389648438,11.529999732971191,11.899999618530273,9.149999618530273,15.1899995803833,64.30000305175781,12.09000015258789,8.758441925048828,46.45000076293945,15.350000381469727,38.630001068115234,11.489999771118164,33.970001220703125,55.279998779296875,4.809999942779541,109.81999969482422
2023-10-04,65.87000274658203,10.84000015258789,18.693531036376953,48.0,23.0,12.930000305175781,22.1299991607666,18.34000015258789,11.399999618530273,11.9399995803833,9.119999885559082,15.020000457763672,64.6500015258789,12.210000038146973,8.837973594665527,46.79999923706055,15.34000015258789,38.130001068115234,11.859999656677246,32.619998931884766,55.0,4.75,110.18000030517578
2023-10-05,65.9000015258789,10.90999984741211,18.458515167236328,47.0,22.670000076293945,12.729999542236328,22.059999465942383,17.450000762939453,10.979999542236328,11.760000228881836,8.84000015258789,15.0600004196167,63.47999954223633,12.199999809265137,8.8677978515625,46.939998626708984,15.329999923706055,37.2400016784668,11.729999542236328,32.72999954223633,55.2599983215332,4.710000038146973,109.75
2023-10-06,66.86000061035156,10.869999885559082,18.203914642333984,46.79999923706055,22.670000076293945,12.59000015258789,22.190000534057617,17.59000015258789,10.800000190734863,11.640000343322754,8.630000114440918,15.279999732971191,63.5099983215332,12.119999885559082,8.937387466430664,48.849998474121094,15.329999923706055,37.150001525878906,11.84000015258789,33.5099983215332,56.20000076293945,4.710000038146973,110.66000366210938
2023-10-09,66.37999725341797,11.029999732971191,18.29204559326172,39.54999923706055,22.530000686645508,12.680000305175781,22.760000228881836,18.030000686645508,10.739999771118164,11.539999961853027,8.770000457763672,15.319999694824219,63.189998626708984,12.369999885559082,8.837973594665527,48.59000015258789,15.670000076293945,38.0,11.779999732971191,34.95000076293945,56.70000076293945,4.699999809265137,111.73999786376953
2023-10-10,66.77999877929688,11.220000267028809,18.90896224975586,41.18000030517578,22.59000015258789,13.0,23.549999237060547,18.56999969482422,11.5,11.6899995803833,8.880000114440918,15.449999809265137,63.189998626708984,12.489999771118164,8.957271575927734,48.5099983215332,16.5,38.22999954223633,12.050000190734863,35.209999084472656,56.45000076293945,4.690000057220459,113.12999725341797
2023-10-11,67.36000061035156,11.100000381469727,19.388784408569336,40.75,22.520000457763672,13.100000381469727,23.93000030517578,18.020000457763672,11.489999771118164,11.699999809265137,8.90999984741211,15.760000228881836,63.400001525878906,12.520000457763672,9.096450805664062,48.970001220703125,16.059999465942383,38.40999984741211,12.029999732971191,35.119998931884766,56.650001525878906,4.650000095367432,113.5
2023-10-13,66.58999633789062,10.869999885559082,18.860000610351562,40.790000915527344,22.329999923706055,12.6899995803833,23.3700008392334,17.450000762939453,10.930000305175781,11.640000343322754,8.770000457763672,15.1899995803833,63.22999954223633,12.149999618530273,8.887680053710938,48.81999969482422,15.680000305175781,37.380001068115234,11.600000381469727,36.279998779296875,58.560001373291016,4.739999771118164,112.05999755859375
2023-10-16,67.30000305175781,10.760000228881836,18.860000610351562,40.130001068115234,22.540000915527344,12.960000038146973,23.530000686645508,17.899999618530273,10.9399995803833,11.579999923706055,8.930000305175781,15.359999656677246,63.9900016784668,12.229999542236328,8.977153778076172,49.810001373291016,15.529999732971191,37.7400016784668,11.739999771118164,36.68000030517578,57.369998931884766,4.699999809265137,112.94000244140625
2023-10-17,67.8499984741211,10.600000381469727,18.59000015258789,39.970001220703125,22.329999923706055,12.8100004196167,23.229999542236328,17.489999771118164,10.630000114440918,11.5600004196167,8.960000038146973,15.329999923706055,63.0,12.010000228881836,8.7882661819458,49.36000061035156,15.789999961853027,37.060001373291016,11.270000457763672,37.66999816894531,57.470001220703125,4.75,112.33999633789062
2023-10-18,65.36000061035156,10.4399995803833,18.540000915527344,38.900001525878906,21.65999984741211,12.239999771118164,21.989999771118164,16.700000762939453,10.600000381469727,11.069999694824219,8.649999618530273,15.59000015258789,63.0,11.680000305175781,8.698792457580566,49.119998931884766,15.479999542236328,36.310001373291016,11.130000114440918,38.52000045776367,56.08000183105469,4.659999847412109,110.37000274658203
2023-10-19,64.41999816894531,10.420000076293945,18.579999923706055,38.7599983215332,21.6299991607666,12.34000015258789,21.959999084472656,16.75,10.420000076293945,11.199999809265137,8.779999732971191,15.539999961853027,62.119998931884766,11.779999732971191,8.748499870300293,49.5,15.470000267028809,36.689998626708984,11.0,38.34000015258789,55.97999954223633,4.650000095367432,110.5999984741211
2023-10-20,62.68000030517578,10.460000038146973,18.290000915527344,38.849998474121094,21.450000762939453,12.220000267028809,22.020000457763672,16.709999084472656,10.600000381469727,11.319999694824219,8.630000114440918,15.579999923706055,61.2599983215332,11.8100004196167,8.739999771118164,49.34000015258789,15.34000015258789,36.27000045776367,11.149999618530273,37.849998474121094,54.900001525878906,4.550000190734863,109.5
2023-10-23,62.560001373291016,10.600000381469727,18.329999923706055,38.0,21.760000228881836,12.399999618530273,22.860000610351562,17.049999237060547,10.630000114440918,11.399999618530273,8.9399995803833,15.460000038146973,63.0,11.90999984741211,8.729999542236328,49.27000045776367,15.770000457763672,36.5,11.3100004196167,35.349998474121094,54.400001525878906,4.480000019073486,109.3499984741211
2023-10-24,63.9900016784668,10.75,18.149999618530273,40.79999923706055,21.549999237060547,12.380000114440918,23.329999923706055,17.229999542236328,10.800000190734863,11.359999656677246,9.170000076293945,15.869999885559082,62.88999938964844,11.930000305175781,8.779999732971191,49.040000915527344,15.619999885559082,36.849998474121094,11.600000381469727,35.880001068115234,52.5099983215332,4.449999809265137,110.23999786376953
2023-10-25,63.93000030517578,10.390000343322754,18.15999984741211,40.459999084472656,21.469999313354492,12.350000381469727,,17.0,10.5,11.199999809265137,8.90999984741211,15.399999618530273,62.720001220703125,11.850000381469727,8.710000038146973,49.04999923706055,15.380000114440918,36.91999816894531,11.539999961853027,36.06999969482422,52.599998474121094,4.429999828338623,109.3499984741211
